,skB1,skC1,skB2,skC2
0,0.9998544746505119,0.9997017707929261,0.9990870990545304,0.9999138448772699
