,skB1,skC1,skB2,skC2
0,0.999665042560966,0.9997693057738803,0.9998891335884482,0.9998858200009101
