,skB1,skC1,skB2,skC2
0,0.9998544746505119,0.9997017707929261,0.9983758795476744,0.9997643148037572
