,skB1,skC1,skB2,skC2
0,0.9998544746505119,0.9997017707929261,0.9989306570331615,0.999878955403943
