,skB1,skC1,skB2,skC2
0,0.9970713918677733,0.9982842744808719,0.9949505096332626,0.9946786859532001
