,skB1,skC1,skB2,skC2
0,0.998578946885889,0.9985418302879414,0.9955944735286599,0.9951697393961109
