,skB1,skC1,skB2,skC2
0,0.9964320671011077,0.9991315550656481,0.9999885086429874,0.9999870022763346
