,skB1,skC1,skB2,skC2
0,0.9976771615899946,0.9992828683720475,0.9964910882590613,0.9954075955725042
