,skB1,skC1,skB2,skC2
0,0.9964320671011077,0.9991315550656481,0.9953988665727056,0.9948944945128702
