,skB1,skC1,skB2,skC2
0,0.9964320671011077,0.9991315550656481,0.9949505096332626,0.9946786859532001
