,skB1,skC1,skB2,skC2
0,0.9976771615899946,0.9992828683720475,0.9955944735286599,0.9951697393961109
