,skB1,skC1,skB2,skC2
0,0.9976771615899946,0.9992828683720475,0.9992699662588171,0.9999424448106703
